asset_id,owner,entity,group,source_animation,source_seconds,loop,model,resolution,ratio,generation_jobs,requested_seconds_each,total_output_seconds,production_handles_seconds_per_job,target_canvas_width,target_canvas_height,generated_frame_width,generated_frame_height,generated_frame_dimensions_status,estimated_output_tokens,output_cost_usd_one_attempt,floor_overhead_seconds,source_scene,source_spine,shared_runtime_uses,notes
select/ironclad/animation,ironclad,ironclad,select,animation,5.333333492,True,minimax_h3,2K,16:9,1,7,7,1.0,1920,1080,2560,1440,2K16:9 official sample verified; 768P exact API dimensions unconfirmed,0.0,0.91,0,scenes/screens/char_select/char_select_bg_ironclad.tscn,.godot/imported/characterselect_ironclad.skel-bbd024cd73df408404d5fd3aff9881c9.spskel,one entity/animation reused across runtime instances; not duplicated per player/card/target,UI and interactive Regent constellation overlay remain separate
select/ironclad/animation,ironclad,ironclad,select,animation,5.333333492,True,seedance_2_5,1080p,16:9,1,7,7,1.0,1920,1080,1920,1080,official ModelArk dimension table; actual adaptive input may differ,340200.0,3.98034,0,scenes/screens/char_select/char_select_bg_ironclad.tscn,.godot/imported/characterselect_ironclad.skel-bbd024cd73df408404d5fd3aff9881c9.spskel,one entity/animation reused across runtime instances; not duplicated per player/card/target,UI and interactive Regent constellation overlay remain separate
combat_core/ironclad/idle_loop,ironclad,ironclad,combat_core,idle_loop,2,True,minimax_h3,768P,3:4,1,4,4,1.0,448,512,768,1024,2K16:9 official sample verified; 768P exact API dimensions unconfirmed,0.0,0.32,1.0,scenes/creature_visuals/ironclad.tscn,.godot/imported/ironclad.skel-8e96930de153cfcb09ff2bbedd54ed5d.spskel,combat initial idle and player revive fade-to-idle,die also covers rest/event game-over fallback; maintain independent FX/events
combat_core/ironclad/idle_loop,ironclad,ironclad,combat_core,idle_loop,2,True,seedance_2_5,720p,3:4,1,4,4,1.0,448,512,834,1112,official ModelArk dimension table; actual adaptive input may differ,86944.5,0.93030615,1.0,scenes/creature_visuals/ironclad.tscn,.godot/imported/ironclad.skel-8e96930de153cfcb09ff2bbedd54ed5d.spskel,combat initial idle and player revive fade-to-idle,die also covers rest/event game-over fallback; maintain independent FX/events
combat_core/ironclad/attack,ironclad,ironclad,combat_core,attack,1.166666746,False,minimax_h3,768P,3:4,1,4,4,1.0,448,512,768,1024,2K16:9 official sample verified; 768P exact API dimensions unconfirmed,0.0,0.32,1.833333,scenes/creature_visuals/ironclad.tscn,.godot/imported/ironclad.skel-8e96930de153cfcb09ff2bbedd54ed5d.spskel,normal and multi-hit card actions; TheArchitect player attack,die also covers rest/event game-over fallback; maintain independent FX/events
combat_core/ironclad/attack,ironclad,ironclad,combat_core,attack,1.166666746,False,seedance_2_5,720p,3:4,1,4,4,1.0,448,512,834,1112,official ModelArk dimension table; actual adaptive input may differ,86944.5,0.93030615,1.833333,scenes/creature_visuals/ironclad.tscn,.godot/imported/ironclad.skel-8e96930de153cfcb09ff2bbedd54ed5d.spskel,normal and multi-hit card actions; TheArchitect player attack,die also covers rest/event game-over fallback; maintain independent FX/events
combat_core/ironclad/cast,ironclad,ironclad,combat_core,cast,1.566666722,False,minimax_h3,768P,3:4,1,4,4,1.0,448,512,768,1024,2K16:9 official sample verified; 768P exact API dimensions unconfirmed,0.0,0.32,1.433333,scenes/creature_visuals/ironclad.tscn,.godot/imported/ironclad.skel-8e96930de153cfcb09ff2bbedd54ed5d.spskel,skill cast; PowerUp also shares cast except Defect,die also covers rest/event game-over fallback; maintain independent FX/events
combat_core/ironclad/cast,ironclad,ironclad,combat_core,cast,1.566666722,False,seedance_2_5,720p,3:4,1,4,4,1.0,448,512,834,1112,official ModelArk dimension table; actual adaptive input may differ,86944.5,0.93030615,1.433333,scenes/creature_visuals/ironclad.tscn,.godot/imported/ironclad.skel-8e96930de153cfcb09ff2bbedd54ed5d.spskel,skill cast; PowerUp also shares cast except Defect,die also covers rest/event game-over fallback; maintain independent FX/events
combat_core/ironclad/hurt,ironclad,ironclad,combat_core,hurt,1,False,minimax_h3,768P,3:4,1,4,4,1.0,448,512,768,1024,2K16:9 official sample verified; 768P exact API dimensions unconfirmed,0.0,0.32,2.0,scenes/creature_visuals/ironclad.tscn,.godot/imported/ironclad.skel-8e96930de153cfcb09ff2bbedd54ed5d.spskel,combat damage and event combat-layout Hit,die also covers rest/event game-over fallback; maintain independent FX/events
combat_core/ironclad/hurt,ironclad,ironclad,combat_core,hurt,1,False,seedance_2_5,720p,3:4,1,4,4,1.0,448,512,834,1112,official ModelArk dimension table; actual adaptive input may differ,86944.5,0.93030615,2.0,scenes/creature_visuals/ironclad.tscn,.godot/imported/ironclad.skel-8e96930de153cfcb09ff2bbedd54ed5d.spskel,combat damage and event combat-layout Hit,die also covers rest/event game-over fallback; maintain independent FX/events
combat_core/ironclad/die,ironclad,ironclad,combat_core,die,2.333333492,False,minimax_h3,768P,3:4,1,4,4,1.0,448,512,768,1024,2K16:9 official sample verified; 768P exact API dimensions unconfirmed,0.0,0.32,0.666667,scenes/creature_visuals/ironclad.tscn,.godot/imported/ironclad.skel-8e96930de153cfcb09ff2bbedd54ed5d.spskel,combat death; rest/event game-over creates combat visual and shares die,die also covers rest/event game-over fallback; maintain independent FX/events
combat_core/ironclad/die,ironclad,ironclad,combat_core,die,2.333333492,False,seedance_2_5,720p,3:4,1,4,4,1.0,448,512,834,1112,official ModelArk dimension table; actual adaptive input may differ,86944.5,0.93030615,0.666667,scenes/creature_visuals/ironclad.tscn,.godot/imported/ironclad.skel-8e96930de153cfcb09ff2bbedd54ed5d.spskel,combat death; rest/event game-over creates combat visual and shares die,die also covers rest/event game-over fallback; maintain independent FX/events
combat_core/ironclad/attack_heavy,ironclad,ironclad,combat_core,attack_heavy,1.533333421,False,minimax_h3,768P,3:4,1,4,4,1.0,448,512,768,1024,2K16:9 official sample verified; 768P exact API dimensions unconfirmed,0.0,0.32,1.466667,scenes/creature_visuals/ironclad.tscn,.godot/imported/ironclad.skel-8e96930de153cfcb09ff2bbedd54ed5d.spskel,character-specific trigger shared across its card callers,die also covers rest/event game-over fallback; maintain independent FX/events
combat_core/ironclad/attack_heavy,ironclad,ironclad,combat_core,attack_heavy,1.533333421,False,seedance_2_5,720p,3:4,1,4,4,1.0,448,512,834,1112,official ModelArk dimension table; actual adaptive input may differ,86944.5,0.93030615,1.466667,scenes/creature_visuals/ironclad.tscn,.godot/imported/ironclad.skel-8e96930de153cfcb09ff2bbedd54ed5d.spskel,character-specific trigger shared across its card callers,die also covers rest/event game-over fallback; maintain independent FX/events
combat_relaxed/ironclad/relaxed_loop,ironclad,ironclad,combat_relaxed,relaxed_loop,12.000000954,True,minimax_h3,768P,3:4,1,13,13,1.0,448,512,768,1024,2K16:9 official sample verified; 768P exact API dimensions unconfirmed,0.0,1.04,0,scenes/creature_visuals/ironclad.tscn,.godot/imported/ironclad.skel-8e96930de153cfcb09ff2bbedd54ed5d.spskel,one entity/animation reused across runtime instances; not duplicated per player/card/target,Collected Relaxed branch; not a verified victory animation
combat_relaxed/ironclad/relaxed_loop,ironclad,ironclad,combat_relaxed,relaxed_loop,12.000000954,True,seedance_2_5,720p,3:4,1,13,13,1.0,448,512,834,1112,official ModelArk dimension table; actual adaptive input may differ,282569.625,3.0234949875,0,scenes/creature_visuals/ironclad.tscn,.godot/imported/ironclad.skel-8e96930de153cfcb09ff2bbedd54ed5d.spskel,one entity/animation reused across runtime instances; not duplicated per player/card/target,Collected Relaxed branch; not a verified victory animation
merchant/ironclad/relaxed_loop,ironclad,ironclad,merchant,relaxed_loop,12.000000954,True,minimax_h3,768P,3:4,1,13,13,1.0,576,768,768,1024,2K16:9 official sample verified; 768P exact API dimensions unconfirmed,0.0,1.04,0,scenes/merchant/characters/ironclad_merchant.tscn,.godot/imported/ironclad.skel-8e96930de153cfcb09ff2bbedd54ed5d.spskel,"combat counterpart may share a generated master if appearance, camera, and pixel density match; shop atlas currently separate","Same skeleton, separate shop atlas; upper case keeps room appearance separate"
merchant/ironclad/relaxed_loop,ironclad,ironclad,merchant,relaxed_loop,12.000000954,True,seedance_2_5,720p,3:4,1,13,13,1.0,576,768,834,1112,official ModelArk dimension table; actual adaptive input may differ,282569.625,3.0234949875,0,scenes/merchant/characters/ironclad_merchant.tscn,.godot/imported/ironclad.skel-8e96930de153cfcb09ff2bbedd54ed5d.spskel,"combat counterpart may share a generated master if appearance, camera, and pixel density match; shop atlas currently separate","Same skeleton, separate shop atlas; upper case keeps room appearance separate"
merchant/ironclad/die,ironclad,ironclad,merchant,die,2.333333492,False,minimax_h3,768P,3:4,1,4,4,1.0,576,768,768,1024,2K16:9 official sample verified; 768P exact API dimensions unconfirmed,0.0,0.32,0.666667,scenes/merchant/characters/ironclad_merchant.tscn,.godot/imported/ironclad.skel-8e96930de153cfcb09ff2bbedd54ed5d.spskel,"combat counterpart may share a generated master if appearance, camera, and pixel density match; shop atlas currently separate","Same skeleton, separate shop atlas; upper case keeps room appearance separate"
merchant/ironclad/die,ironclad,ironclad,merchant,die,2.333333492,False,seedance_2_5,720p,3:4,1,4,4,1.0,576,768,834,1112,official ModelArk dimension table; actual adaptive input may differ,86944.5,0.93030615,0.666667,scenes/merchant/characters/ironclad_merchant.tscn,.godot/imported/ironclad.skel-8e96930de153cfcb09ff2bbedd54ed5d.spskel,"combat counterpart may share a generated master if appearance, camera, and pixel density match; shop atlas currently separate","Same skeleton, separate shop atlas; upper case keeps room appearance separate"
rest/ironclad/overgrowth_loop,ironclad,ironclad,rest,overgrowth_loop,6.666666985,True,minimax_h3,768P,3:4,1,8,8,1.0,512,896,768,1024,2K16:9 official sample verified; 768P exact API dimensions unconfirmed,0.0,0.64,0,scenes/rest_site/characters/ironclad_rest_site.tscn,.godot/imported/restsite_ironclad.skel-4f17591a686c02ca03c93d46476fefe2.spskel,three act loops may share a pose master if lighting and texture differences can be composited; not assumed in C,Environment-specific loop; zero-duration light tracks are not videos
rest/ironclad/overgrowth_loop,ironclad,ironclad,rest,overgrowth_loop,6.666666985,True,seedance_2_5,720p,3:4,1,8,8,1.0,512,896,834,1112,official ModelArk dimension table; actual adaptive input may differ,173889.0,1.8606123,0,scenes/rest_site/characters/ironclad_rest_site.tscn,.godot/imported/restsite_ironclad.skel-4f17591a686c02ca03c93d46476fefe2.spskel,three act loops may share a pose master if lighting and texture differences can be composited; not assumed in C,Environment-specific loop; zero-duration light tracks are not videos
rest/ironclad/hive_loop,ironclad,ironclad,rest,hive_loop,6.666666985,True,minimax_h3,768P,3:4,1,8,8,1.0,512,896,768,1024,2K16:9 official sample verified; 768P exact API dimensions unconfirmed,0.0,0.64,0,scenes/rest_site/characters/ironclad_rest_site.tscn,.godot/imported/restsite_ironclad.skel-4f17591a686c02ca03c93d46476fefe2.spskel,three act loops may share a pose master if lighting and texture differences can be composited; not assumed in C,Environment-specific loop; zero-duration light tracks are not videos
rest/ironclad/hive_loop,ironclad,ironclad,rest,hive_loop,6.666666985,True,seedance_2_5,720p,3:4,1,8,8,1.0,512,896,834,1112,official ModelArk dimension table; actual adaptive input may differ,173889.0,1.8606123,0,scenes/rest_site/characters/ironclad_rest_site.tscn,.godot/imported/restsite_ironclad.skel-4f17591a686c02ca03c93d46476fefe2.spskel,three act loops may share a pose master if lighting and texture differences can be composited; not assumed in C,Environment-specific loop; zero-duration light tracks are not videos
rest/ironclad/glory_loop,ironclad,ironclad,rest,glory_loop,6.666666985,True,minimax_h3,768P,3:4,1,8,8,1.0,512,896,768,1024,2K16:9 official sample verified; 768P exact API dimensions unconfirmed,0.0,0.64,0,scenes/rest_site/characters/ironclad_rest_site.tscn,.godot/imported/restsite_ironclad.skel-4f17591a686c02ca03c93d46476fefe2.spskel,three act loops may share a pose master if lighting and texture differences can be composited; not assumed in C,Environment-specific loop; zero-duration light tracks are not videos
rest/ironclad/glory_loop,ironclad,ironclad,rest,glory_loop,6.666666985,True,seedance_2_5,720p,3:4,1,8,8,1.0,512,896,834,1112,official ModelArk dimension table; actual adaptive input may differ,173889.0,1.8606123,0,scenes/rest_site/characters/ironclad_rest_site.tscn,.godot/imported/restsite_ironclad.skel-4f17591a686c02ca03c93d46476fefe2.spskel,three act loops may share a pose master if lighting and texture differences can be composited; not assumed in C,Environment-specific loop; zero-duration light tracks are not videos
select/silent/animation,silent,silent,select,animation,11.666666985,True,minimax_h3,2K,16:9,1,13,13,1.0,1920,1080,2560,1440,2K16:9 official sample verified; 768P exact API dimensions unconfirmed,0.0,1.69,0,scenes/screens/char_select/char_select_bg_silent.tscn,.godot/imported/characterselect_silent.skel-2c097acc3070cead3ae1a521a29ca974.spskel,one entity/animation reused across runtime instances; not duplicated per player/card/target,UI and interactive Regent constellation overlay remain separate
select/silent/animation,silent,silent,select,animation,11.666666985,True,seedance_2_5,1080p,16:9,1,13,13,1.0,1920,1080,1920,1080,official ModelArk dimension table; actual adaptive input may differ,631800.0,7.39206,0,scenes/screens/char_select/char_select_bg_silent.tscn,.godot/imported/characterselect_silent.skel-2c097acc3070cead3ae1a521a29ca974.spskel,one entity/animation reused across runtime instances; not duplicated per player/card/target,UI and interactive Regent constellation overlay remain separate
combat_core/silent/idle_loop,silent,silent,combat_core,idle_loop,1.066666722,True,minimax_h3,768P,3:4,1,4,4,1.0,384,512,768,1024,2K16:9 official sample verified; 768P exact API dimensions unconfirmed,0.0,0.32,1.933333,scenes/creature_visuals/silent.tscn,.godot/imported/silent.skel-6b655a4fd5b64cebd28f191d15f9cfc4.spskel,combat initial idle and player revive fade-to-idle,die also covers rest/event game-over fallback; maintain independent FX/events
combat_core/silent/idle_loop,silent,silent,combat_core,idle_loop,1.066666722,True,seedance_2_5,720p,3:4,1,4,4,1.0,384,512,834,1112,official ModelArk dimension table; actual adaptive input may differ,86944.5,0.93030615,1.933333,scenes/creature_visuals/silent.tscn,.godot/imported/silent.skel-6b655a4fd5b64cebd28f191d15f9cfc4.spskel,combat initial idle and player revive fade-to-idle,die also covers rest/event game-over fallback; maintain independent FX/events
combat_core/silent/attack,silent,silent,combat_core,attack,0.933333397,False,minimax_h3,768P,3:4,1,4,4,1.0,384,512,768,1024,2K16:9 official sample verified; 768P exact API dimensions unconfirmed,0.0,0.32,2.066667,scenes/creature_visuals/silent.tscn,.godot/imported/silent.skel-6b655a4fd5b64cebd28f191d15f9cfc4.spskel,normal and multi-hit card actions; TheArchitect player attack,die also covers rest/event game-over fallback; maintain independent FX/events
combat_core/silent/attack,silent,silent,combat_core,attack,0.933333397,False,seedance_2_5,720p,3:4,1,4,4,1.0,384,512,834,1112,official ModelArk dimension table; actual adaptive input may differ,86944.5,0.93030615,2.066667,scenes/creature_visuals/silent.tscn,.godot/imported/silent.skel-6b655a4fd5b64cebd28f191d15f9cfc4.spskel,normal and multi-hit card actions; TheArchitect player attack,die also covers rest/event game-over fallback; maintain independent FX/events
combat_core/silent/cast,silent,silent,combat_core,cast,1.300000072,False,minimax_h3,768P,3:4,1,4,4,1.0,384,512,768,1024,2K16:9 official sample verified; 768P exact API dimensions unconfirmed,0.0,0.32,1.7,scenes/creature_visuals/silent.tscn,.godot/imported/silent.skel-6b655a4fd5b64cebd28f191d15f9cfc4.spskel,skill cast; PowerUp also shares cast except Defect,die also covers rest/event game-over fallback; maintain independent FX/events
combat_core/silent/cast,silent,silent,combat_core,cast,1.300000072,False,seedance_2_5,720p,3:4,1,4,4,1.0,384,512,834,1112,official ModelArk dimension table; actual adaptive input may differ,86944.5,0.93030615,1.7,scenes/creature_visuals/silent.tscn,.godot/imported/silent.skel-6b655a4fd5b64cebd28f191d15f9cfc4.spskel,skill cast; PowerUp also shares cast except Defect,die also covers rest/event game-over fallback; maintain independent FX/events
combat_core/silent/hurt,silent,silent,combat_core,hurt,0.733333349,False,minimax_h3,768P,3:4,1,4,4,1.0,384,512,768,1024,2K16:9 official sample verified; 768P exact API dimensions unconfirmed,0.0,0.32,2.266667,scenes/creature_visuals/silent.tscn,.godot/imported/silent.skel-6b655a4fd5b64cebd28f191d15f9cfc4.spskel,combat damage and event combat-layout Hit,die also covers rest/event game-over fallback; maintain independent FX/events
combat_core/silent/hurt,silent,silent,combat_core,hurt,0.733333349,False,seedance_2_5,720p,3:4,1,4,4,1.0,384,512,834,1112,official ModelArk dimension table; actual adaptive input may differ,86944.5,0.93030615,2.266667,scenes/creature_visuals/silent.tscn,.godot/imported/silent.skel-6b655a4fd5b64cebd28f191d15f9cfc4.spskel,combat damage and event combat-layout Hit,die also covers rest/event game-over fallback; maintain independent FX/events
combat_core/silent/die,silent,silent,combat_core,die,1.866666794,False,minimax_h3,768P,3:4,1,4,4,1.0,384,512,768,1024,2K16:9 official sample verified; 768P exact API dimensions unconfirmed,0.0,0.32,1.133333,scenes/creature_visuals/silent.tscn,.godot/imported/silent.skel-6b655a4fd5b64cebd28f191d15f9cfc4.spskel,combat death; rest/event game-over creates combat visual and shares die,die also covers rest/event game-over fallback; maintain independent FX/events
combat_core/silent/die,silent,silent,combat_core,die,1.866666794,False,seedance_2_5,720p,3:4,1,4,4,1.0,384,512,834,1112,official ModelArk dimension table; actual adaptive input may differ,86944.5,0.93030615,1.133333,scenes/creature_visuals/silent.tscn,.godot/imported/silent.skel-6b655a4fd5b64cebd28f191d15f9cfc4.spskel,combat death; rest/event game-over creates combat visual and shares die,die also covers rest/event game-over fallback; maintain independent FX/events
combat_core/silent/shiv,silent,silent,combat_core,shiv,0.700000048,False,minimax_h3,768P,3:4,1,4,4,1.0,384,512,768,1024,2K16:9 official sample verified; 768P exact API dimensions unconfirmed,0.0,0.32,2.3,scenes/creature_visuals/silent.tscn,.godot/imported/silent.skel-6b655a4fd5b64cebd28f191d15f9cfc4.spskel,character-specific trigger shared across its card callers,die also covers rest/event game-over fallback; maintain independent FX/events
combat_core/silent/shiv,silent,silent,combat_core,shiv,0.700000048,False,seedance_2_5,720p,3:4,1,4,4,1.0,384,512,834,1112,official ModelArk dimension table; actual adaptive input may differ,86944.5,0.93030615,2.3,scenes/creature_visuals/silent.tscn,.godot/imported/silent.skel-6b655a4fd5b64cebd28f191d15f9cfc4.spskel,character-specific trigger shared across its card callers,die also covers rest/event game-over fallback; maintain independent FX/events
combat_relaxed/silent/relaxed_loop,silent,silent,combat_relaxed,relaxed_loop,7.000000477,True,minimax_h3,768P,3:4,1,8,8,1.0,384,512,768,1024,2K16:9 official sample verified; 768P exact API dimensions unconfirmed,0.0,0.64,0,scenes/creature_visuals/silent.tscn,.godot/imported/silent.skel-6b655a4fd5b64cebd28f191d15f9cfc4.spskel,one entity/animation reused across runtime instances; not duplicated per player/card/target,Collected Relaxed branch; not a verified victory animation
combat_relaxed/silent/relaxed_loop,silent,silent,combat_relaxed,relaxed_loop,7.000000477,True,seedance_2_5,720p,3:4,1,8,8,1.0,384,512,834,1112,official ModelArk dimension table; actual adaptive input may differ,173889.0,1.8606123,0,scenes/creature_visuals/silent.tscn,.godot/imported/silent.skel-6b655a4fd5b64cebd28f191d15f9cfc4.spskel,one entity/animation reused across runtime instances; not duplicated per player/card/target,Collected Relaxed branch; not a verified victory animation
merchant/silent/relaxed_loop,silent,silent,merchant,relaxed_loop,7.000000477,True,minimax_h3,768P,3:4,1,8,8,1.0,576,768,768,1024,2K16:9 official sample verified; 768P exact API dimensions unconfirmed,0.0,0.64,0,scenes/merchant/characters/silent_merchant.tscn,.godot/imported/silent.skel-6b655a4fd5b64cebd28f191d15f9cfc4.spskel,"combat counterpart may share a generated master if appearance, camera, and pixel density match; shop atlas currently separate","Same skeleton, separate shop atlas; upper case keeps room appearance separate"
merchant/silent/relaxed_loop,silent,silent,merchant,relaxed_loop,7.000000477,True,seedance_2_5,720p,3:4,1,8,8,1.0,576,768,834,1112,official ModelArk dimension table; actual adaptive input may differ,173889.0,1.8606123,0,scenes/merchant/characters/silent_merchant.tscn,.godot/imported/silent.skel-6b655a4fd5b64cebd28f191d15f9cfc4.spskel,"combat counterpart may share a generated master if appearance, camera, and pixel density match; shop atlas currently separate","Same skeleton, separate shop atlas; upper case keeps room appearance separate"
merchant/silent/die,silent,silent,merchant,die,1.866666794,False,minimax_h3,768P,3:4,1,4,4,1.0,576,768,768,1024,2K16:9 official sample verified; 768P exact API dimensions unconfirmed,0.0,0.32,1.133333,scenes/merchant/characters/silent_merchant.tscn,.godot/imported/silent.skel-6b655a4fd5b64cebd28f191d15f9cfc4.spskel,"combat counterpart may share a generated master if appearance, camera, and pixel density match; shop atlas currently separate","Same skeleton, separate shop atlas; upper case keeps room appearance separate"
merchant/silent/die,silent,silent,merchant,die,1.866666794,False,seedance_2_5,720p,3:4,1,4,4,1.0,576,768,834,1112,official ModelArk dimension table; actual adaptive input may differ,86944.5,0.93030615,1.133333,scenes/merchant/characters/silent_merchant.tscn,.godot/imported/silent.skel-6b655a4fd5b64cebd28f191d15f9cfc4.spskel,"combat counterpart may share a generated master if appearance, camera, and pixel density match; shop atlas currently separate","Same skeleton, separate shop atlas; upper case keeps room appearance separate"
rest/silent/overgrowth_loop,silent,silent,rest,overgrowth_loop,8,True,minimax_h3,768P,3:4,1,9,9,1.0,576,896,768,1024,2K16:9 official sample verified; 768P exact API dimensions unconfirmed,0.0,0.72,0,scenes/rest_site/characters/silent_rest_site.tscn,.godot/imported/restsite_silent.skel-d6afc1a1f96d04f73ee0a9a6b81fb5a7.spskel,three act loops may share a pose master if lighting and texture differences can be composited; not assumed in C,Environment-specific loop; zero-duration light tracks are not videos
rest/silent/overgrowth_loop,silent,silent,rest,overgrowth_loop,8,True,seedance_2_5,720p,3:4,1,9,9,1.0,576,896,834,1112,official ModelArk dimension table; actual adaptive input may differ,195625.125,2.0931888375,0,scenes/rest_site/characters/silent_rest_site.tscn,.godot/imported/restsite_silent.skel-d6afc1a1f96d04f73ee0a9a6b81fb5a7.spskel,three act loops may share a pose master if lighting and texture differences can be composited; not assumed in C,Environment-specific loop; zero-duration light tracks are not videos
rest/silent/hive_loop,silent,silent,rest,hive_loop,8,True,minimax_h3,768P,3:4,1,9,9,1.0,576,896,768,1024,2K16:9 official sample verified; 768P exact API dimensions unconfirmed,0.0,0.72,0,scenes/rest_site/characters/silent_rest_site.tscn,.godot/imported/restsite_silent.skel-d6afc1a1f96d04f73ee0a9a6b81fb5a7.spskel,three act loops may share a pose master if lighting and texture differences can be composited; not assumed in C,Environment-specific loop; zero-duration light tracks are not videos
rest/silent/hive_loop,silent,silent,rest,hive_loop,8,True,seedance_2_5,720p,3:4,1,9,9,1.0,576,896,834,1112,official ModelArk dimension table; actual adaptive input may differ,195625.125,2.0931888375,0,scenes/rest_site/characters/silent_rest_site.tscn,.godot/imported/restsite_silent.skel-d6afc1a1f96d04f73ee0a9a6b81fb5a7.spskel,three act loops may share a pose master if lighting and texture differences can be composited; not assumed in C,Environment-specific loop; zero-duration light tracks are not videos
rest/silent/glory_loop,silent,silent,rest,glory_loop,8,True,minimax_h3,768P,3:4,1,9,9,1.0,576,896,768,1024,2K16:9 official sample verified; 768P exact API dimensions unconfirmed,0.0,0.72,0,scenes/rest_site/characters/silent_rest_site.tscn,.godot/imported/restsite_silent.skel-d6afc1a1f96d04f73ee0a9a6b81fb5a7.spskel,three act loops may share a pose master if lighting and texture differences can be composited; not assumed in C,Environment-specific loop; zero-duration light tracks are not videos
rest/silent/glory_loop,silent,silent,rest,glory_loop,8,True,seedance_2_5,720p,3:4,1,9,9,1.0,576,896,834,1112,official ModelArk dimension table; actual adaptive input may differ,195625.125,2.0931888375,0,scenes/rest_site/characters/silent_rest_site.tscn,.godot/imported/restsite_silent.skel-d6afc1a1f96d04f73ee0a9a6b81fb5a7.spskel,three act loops may share a pose master if lighting and texture differences can be composited; not assumed in C,Environment-specific loop; zero-duration light tracks are not videos
select/regent/animation,regent,regent,select,animation,6.666666985,True,minimax_h3,2K,16:9,1,8,8,1.0,1920,1080,2560,1440,2K16:9 official sample verified; 768P exact API dimensions unconfirmed,0.0,1.04,0,scenes/screens/char_select/char_select_bg_regent.tscn,.godot/imported/characterselect_regent.skel-1f56f2acf6836408901fb02484a958c1.spskel,one entity/animation reused across runtime instances; not duplicated per player/card/target,UI and interactive Regent constellation overlay remain separate
select/regent/animation,regent,regent,select,animation,6.666666985,True,seedance_2_5,1080p,16:9,1,8,8,1.0,1920,1080,1920,1080,official ModelArk dimension table; actual adaptive input may differ,388800.0,4.54896,0,scenes/screens/char_select/char_select_bg_regent.tscn,.godot/imported/characterselect_regent.skel-1f56f2acf6836408901fb02484a958c1.spskel,one entity/animation reused across runtime instances; not duplicated per player/card/target,UI and interactive Regent constellation overlay remain separate
combat_core/regent/idle_loop,regent,regent,combat_core,idle_loop,19.444444656,True,minimax_h3,768P,3:4,2,11+11,22,1.0,512,640,768,1024,2K16:9 official sample verified; 768P exact API dimensions unconfirmed,0.0,1.76,0,scenes/creature_visuals/regent.tscn,.godot/imported/regent.skel-39be6864c337b6849cf3354d50c85591.spskel,combat initial idle and player revive fade-to-idle,die also covers rest/event game-over fallback; maintain independent FX/events
combat_core/regent/idle_loop,regent,regent,combat_core,idle_loop,19.444444656,True,seedance_2_5,720p,3:4,1,21,21,1.0,512,640,834,1112,official ModelArk dimension table; actual adaptive input may differ,456458.625,4.8841072875,0,scenes/creature_visuals/regent.tscn,.godot/imported/regent.skel-39be6864c337b6849cf3354d50c85591.spskel,combat initial idle and player revive fade-to-idle,die also covers rest/event game-over fallback; maintain independent FX/events
combat_core/regent/attack,regent,regent,combat_core,attack,1.388888955,False,minimax_h3,768P,3:4,1,4,4,1.0,512,640,768,1024,2K16:9 official sample verified; 768P exact API dimensions unconfirmed,0.0,0.32,1.611111,scenes/creature_visuals/regent.tscn,.godot/imported/regent.skel-39be6864c337b6849cf3354d50c85591.spskel,normal and multi-hit card actions; TheArchitect player attack,die also covers rest/event game-over fallback; maintain independent FX/events
combat_core/regent/attack,regent,regent,combat_core,attack,1.388888955,False,seedance_2_5,720p,3:4,1,4,4,1.0,512,640,834,1112,official ModelArk dimension table; actual adaptive input may differ,86944.5,0.93030615,1.611111,scenes/creature_visuals/regent.tscn,.godot/imported/regent.skel-39be6864c337b6849cf3354d50c85591.spskel,normal and multi-hit card actions; TheArchitect player attack,die also covers rest/event game-over fallback; maintain independent FX/events
combat_core/regent/cast,regent,regent,combat_core,cast,1.875000119,False,minimax_h3,768P,3:4,1,4,4,1.0,512,640,768,1024,2K16:9 official sample verified; 768P exact API dimensions unconfirmed,0.0,0.32,1.125,scenes/creature_visuals/regent.tscn,.godot/imported/regent.skel-39be6864c337b6849cf3354d50c85591.spskel,skill cast; PowerUp also shares cast except Defect,die also covers rest/event game-over fallback; maintain independent FX/events
combat_core/regent/cast,regent,regent,combat_core,cast,1.875000119,False,seedance_2_5,720p,3:4,1,4,4,1.0,512,640,834,1112,official ModelArk dimension table; actual adaptive input may differ,86944.5,0.93030615,1.125,scenes/creature_visuals/regent.tscn,.godot/imported/regent.skel-39be6864c337b6849cf3354d50c85591.spskel,skill cast; PowerUp also shares cast except Defect,die also covers rest/event game-over fallback; maintain independent FX/events
combat_core/regent/hurt,regent,regent,combat_core,hurt,0.972222269,False,minimax_h3,768P,3:4,1,4,4,1.0,512,640,768,1024,2K16:9 official sample verified; 768P exact API dimensions unconfirmed,0.0,0.32,2.027778,scenes/creature_visuals/regent.tscn,.godot/imported/regent.skel-39be6864c337b6849cf3354d50c85591.spskel,combat damage and event combat-layout Hit,die also covers rest/event game-over fallback; maintain independent FX/events
combat_core/regent/hurt,regent,regent,combat_core,hurt,0.972222269,False,seedance_2_5,720p,3:4,1,4,4,1.0,512,640,834,1112,official ModelArk dimension table; actual adaptive input may differ,86944.5,0.93030615,2.027778,scenes/creature_visuals/regent.tscn,.godot/imported/regent.skel-39be6864c337b6849cf3354d50c85591.spskel,combat damage and event combat-layout Hit,die also covers rest/event game-over fallback; maintain independent FX/events
combat_core/regent/die,regent,regent,combat_core,die,4.340278149,False,minimax_h3,768P,3:4,1,6,6,1.0,512,640,768,1024,2K16:9 official sample verified; 768P exact API dimensions unconfirmed,0.0,0.48,0,scenes/creature_visuals/regent.tscn,.godot/imported/regent.skel-39be6864c337b6849cf3354d50c85591.spskel,combat death; rest/event game-over creates combat visual and shares die,die also covers rest/event game-over fallback; maintain independent FX/events
combat_core/regent/die,regent,regent,combat_core,die,4.340278149,False,seedance_2_5,720p,3:4,1,6,6,1.0,512,640,834,1112,official ModelArk dimension table; actual adaptive input may differ,130416.75,1.395459225,0,scenes/creature_visuals/regent.tscn,.godot/imported/regent.skel-39be6864c337b6849cf3354d50c85591.spskel,combat death; rest/event game-over creates combat visual and shares die,die also covers rest/event game-over fallback; maintain independent FX/events
combat_core/regent/attack_sovereign,regent,regent,combat_core,attack_sovereign,1.215277791,False,minimax_h3,768P,3:4,1,4,4,1.0,512,640,768,1024,2K16:9 official sample verified; 768P exact API dimensions unconfirmed,0.0,0.32,1.784722,scenes/creature_visuals/regent.tscn,.godot/imported/regent.skel-39be6864c337b6849cf3354d50c85591.spskel,character-specific trigger shared across its card callers,die also covers rest/event game-over fallback; maintain independent FX/events
combat_core/regent/attack_sovereign,regent,regent,combat_core,attack_sovereign,1.215277791,False,seedance_2_5,720p,3:4,1,4,4,1.0,512,640,834,1112,official ModelArk dimension table; actual adaptive input may differ,86944.5,0.93030615,1.784722,scenes/creature_visuals/regent.tscn,.godot/imported/regent.skel-39be6864c337b6849cf3354d50c85591.spskel,character-specific trigger shared across its card callers,die also covers rest/event game-over fallback; maintain independent FX/events
combat_relaxed/regent/relaxed_loop,regent,regent,combat_relaxed,relaxed_loop,13.888889313,True,minimax_h3,768P,3:4,1,15,15,1.0,512,640,768,1024,2K16:9 official sample verified; 768P exact API dimensions unconfirmed,0.0,1.2,0,scenes/creature_visuals/regent.tscn,.godot/imported/regent.skel-39be6864c337b6849cf3354d50c85591.spskel,one entity/animation reused across runtime instances; not duplicated per player/card/target,Collected Relaxed branch; not a verified victory animation
combat_relaxed/regent/relaxed_loop,regent,regent,combat_relaxed,relaxed_loop,13.888889313,True,seedance_2_5,720p,3:4,1,15,15,1.0,512,640,834,1112,official ModelArk dimension table; actual adaptive input may differ,326041.875,3.4886480625,0,scenes/creature_visuals/regent.tscn,.godot/imported/regent.skel-39be6864c337b6849cf3354d50c85591.spskel,one entity/animation reused across runtime instances; not duplicated per player/card/target,Collected Relaxed branch; not a verified victory animation
merchant/regent/relaxed_loop,regent,regent,merchant,relaxed_loop,13.888889313,True,minimax_h3,768P,3:4,1,15,15,1.0,640,896,768,1024,2K16:9 official sample verified; 768P exact API dimensions unconfirmed,0.0,1.2,0,scenes/merchant/characters/regent_merchant.tscn,.godot/imported/regent.skel-39be6864c337b6849cf3354d50c85591.spskel,"combat counterpart may share a generated master if appearance, camera, and pixel density match; shop atlas currently separate","Same skeleton, separate shop atlas; upper case keeps room appearance separate"
merchant/regent/relaxed_loop,regent,regent,merchant,relaxed_loop,13.888889313,True,seedance_2_5,720p,3:4,1,15,15,1.0,640,896,834,1112,official ModelArk dimension table; actual adaptive input may differ,326041.875,3.4886480625,0,scenes/merchant/characters/regent_merchant.tscn,.godot/imported/regent.skel-39be6864c337b6849cf3354d50c85591.spskel,"combat counterpart may share a generated master if appearance, camera, and pixel density match; shop atlas currently separate","Same skeleton, separate shop atlas; upper case keeps room appearance separate"
merchant/regent/die,regent,regent,merchant,die,4.340278149,False,minimax_h3,768P,3:4,1,6,6,1.0,640,896,768,1024,2K16:9 official sample verified; 768P exact API dimensions unconfirmed,0.0,0.48,0,scenes/merchant/characters/regent_merchant.tscn,.godot/imported/regent.skel-39be6864c337b6849cf3354d50c85591.spskel,"combat counterpart may share a generated master if appearance, camera, and pixel density match; shop atlas currently separate","Same skeleton, separate shop atlas; upper case keeps room appearance separate"
merchant/regent/die,regent,regent,merchant,die,4.340278149,False,seedance_2_5,720p,3:4,1,6,6,1.0,640,896,834,1112,official ModelArk dimension table; actual adaptive input may differ,130416.75,1.395459225,0,scenes/merchant/characters/regent_merchant.tscn,.godot/imported/regent.skel-39be6864c337b6849cf3354d50c85591.spskel,"combat counterpart may share a generated master if appearance, camera, and pixel density match; shop atlas currently separate","Same skeleton, separate shop atlas; upper case keeps room appearance separate"
rest/regent/overgrowth_loop,regent,regent,rest,overgrowth_loop,8,True,minimax_h3,768P,3:4,1,9,9,1.0,576,1024,768,1024,2K16:9 official sample verified; 768P exact API dimensions unconfirmed,0.0,0.72,0,scenes/rest_site/characters/regent_rest_site.tscn,.godot/imported/restsite_regent.skel-ec924cdb115783ec26dd49f16c211dfb.spskel,three act loops may share a pose master if lighting and texture differences can be composited; not assumed in C,Environment-specific loop; zero-duration light tracks are not videos
rest/regent/overgrowth_loop,regent,regent,rest,overgrowth_loop,8,True,seedance_2_5,720p,3:4,1,9,9,1.0,576,1024,834,1112,official ModelArk dimension table; actual adaptive input may differ,195625.125,2.0931888375,0,scenes/rest_site/characters/regent_rest_site.tscn,.godot/imported/restsite_regent.skel-ec924cdb115783ec26dd49f16c211dfb.spskel,three act loops may share a pose master if lighting and texture differences can be composited; not assumed in C,Environment-specific loop; zero-duration light tracks are not videos
rest/regent/hive_loop,regent,regent,rest,hive_loop,8,True,minimax_h3,768P,3:4,1,9,9,1.0,576,1024,768,1024,2K16:9 official sample verified; 768P exact API dimensions unconfirmed,0.0,0.72,0,scenes/rest_site/characters/regent_rest_site.tscn,.godot/imported/restsite_regent.skel-ec924cdb115783ec26dd49f16c211dfb.spskel,three act loops may share a pose master if lighting and texture differences can be composited; not assumed in C,Environment-specific loop; zero-duration light tracks are not videos
rest/regent/hive_loop,regent,regent,rest,hive_loop,8,True,seedance_2_5,720p,3:4,1,9,9,1.0,576,1024,834,1112,official ModelArk dimension table; actual adaptive input may differ,195625.125,2.0931888375,0,scenes/rest_site/characters/regent_rest_site.tscn,.godot/imported/restsite_regent.skel-ec924cdb115783ec26dd49f16c211dfb.spskel,three act loops may share a pose master if lighting and texture differences can be composited; not assumed in C,Environment-specific loop; zero-duration light tracks are not videos
rest/regent/glory_loop,regent,regent,rest,glory_loop,8,True,minimax_h3,768P,3:4,1,9,9,1.0,576,1024,768,1024,2K16:9 official sample verified; 768P exact API dimensions unconfirmed,0.0,0.72,0,scenes/rest_site/characters/regent_rest_site.tscn,.godot/imported/restsite_regent.skel-ec924cdb115783ec26dd49f16c211dfb.spskel,three act loops may share a pose master if lighting and texture differences can be composited; not assumed in C,Environment-specific loop; zero-duration light tracks are not videos
rest/regent/glory_loop,regent,regent,rest,glory_loop,8,True,seedance_2_5,720p,3:4,1,9,9,1.0,576,1024,834,1112,official ModelArk dimension table; actual adaptive input may differ,195625.125,2.0931888375,0,scenes/rest_site/characters/regent_rest_site.tscn,.godot/imported/restsite_regent.skel-ec924cdb115783ec26dd49f16c211dfb.spskel,three act loops may share a pose master if lighting and texture differences can be composited; not assumed in C,Environment-specific loop; zero-duration light tracks are not videos
select/necrobinder/animation,necrobinder,necrobinder,select,animation,8,True,minimax_h3,2K,16:9,1,9,9,1.0,1920,1080,2560,1440,2K16:9 official sample verified; 768P exact API dimensions unconfirmed,0.0,1.17,0,scenes/screens/char_select/char_select_bg_necrobinder.tscn,.godot/imported/characterselect_necrobinder.skel-b01d857c048ded92f7890b44645fb982.spskel,one entity/animation reused across runtime instances; not duplicated per player/card/target,UI and interactive Regent constellation overlay remain separate
select/necrobinder/animation,necrobinder,necrobinder,select,animation,8,True,seedance_2_5,1080p,16:9,1,9,9,1.0,1920,1080,1920,1080,official ModelArk dimension table; actual adaptive input may differ,437400.0,5.11758,0,scenes/screens/char_select/char_select_bg_necrobinder.tscn,.godot/imported/characterselect_necrobinder.skel-b01d857c048ded92f7890b44645fb982.spskel,one entity/animation reused across runtime instances; not duplicated per player/card/target,UI and interactive Regent constellation overlay remain separate
combat_core/necrobinder/idle_loop,necrobinder,necrobinder,combat_core,idle_loop,2,True,minimax_h3,768P,3:4,1,4,4,1.0,448,576,768,1024,2K16:9 official sample verified; 768P exact API dimensions unconfirmed,0.0,0.32,1.0,scenes/creature_visuals/necrobinder.tscn,.godot/imported/necrobinder.skel-1919989aa7abbde635d4e8e050e9dcbb.spskel,combat initial idle and player revive fade-to-idle,die also covers rest/event game-over fallback; maintain independent FX/events
combat_core/necrobinder/idle_loop,necrobinder,necrobinder,combat_core,idle_loop,2,True,seedance_2_5,720p,3:4,1,4,4,1.0,448,576,834,1112,official ModelArk dimension table; actual adaptive input may differ,86944.5,0.93030615,1.0,scenes/creature_visuals/necrobinder.tscn,.godot/imported/necrobinder.skel-1919989aa7abbde635d4e8e050e9dcbb.spskel,combat initial idle and player revive fade-to-idle,die also covers rest/event game-over fallback; maintain independent FX/events
combat_core/necrobinder/attack,necrobinder,necrobinder,combat_core,attack,1,False,minimax_h3,768P,3:4,1,4,4,1.0,448,576,768,1024,2K16:9 official sample verified; 768P exact API dimensions unconfirmed,0.0,0.32,2.0,scenes/creature_visuals/necrobinder.tscn,.godot/imported/necrobinder.skel-1919989aa7abbde635d4e8e050e9dcbb.spskel,normal and multi-hit card actions; TheArchitect player attack,die also covers rest/event game-over fallback; maintain independent FX/events
combat_core/necrobinder/attack,necrobinder,necrobinder,combat_core,attack,1,False,seedance_2_5,720p,3:4,1,4,4,1.0,448,576,834,1112,official ModelArk dimension table; actual adaptive input may differ,86944.5,0.93030615,2.0,scenes/creature_visuals/necrobinder.tscn,.godot/imported/necrobinder.skel-1919989aa7abbde635d4e8e050e9dcbb.spskel,normal and multi-hit card actions; TheArchitect player attack,die also covers rest/event game-over fallback; maintain independent FX/events
combat_core/necrobinder/cast,necrobinder,necrobinder,combat_core,cast,0.966666698,False,minimax_h3,768P,3:4,1,4,4,1.0,448,576,768,1024,2K16:9 official sample verified; 768P exact API dimensions unconfirmed,0.0,0.32,2.033333,scenes/creature_visuals/necrobinder.tscn,.godot/imported/necrobinder.skel-1919989aa7abbde635d4e8e050e9dcbb.spskel,skill cast; PowerUp also shares cast except Defect,die also covers rest/event game-over fallback; maintain independent FX/events
combat_core/necrobinder/cast,necrobinder,necrobinder,combat_core,cast,0.966666698,False,seedance_2_5,720p,3:4,1,4,4,1.0,448,576,834,1112,official ModelArk dimension table; actual adaptive input may differ,86944.5,0.93030615,2.033333,scenes/creature_visuals/necrobinder.tscn,.godot/imported/necrobinder.skel-1919989aa7abbde635d4e8e050e9dcbb.spskel,skill cast; PowerUp also shares cast except Defect,die also covers rest/event game-over fallback; maintain independent FX/events
combat_core/necrobinder/hurt,necrobinder,necrobinder,combat_core,hurt,0.833333373,False,minimax_h3,768P,3:4,1,4,4,1.0,448,576,768,1024,2K16:9 official sample verified; 768P exact API dimensions unconfirmed,0.0,0.32,2.166667,scenes/creature_visuals/necrobinder.tscn,.godot/imported/necrobinder.skel-1919989aa7abbde635d4e8e050e9dcbb.spskel,combat damage and event combat-layout Hit,die also covers rest/event game-over fallback; maintain independent FX/events
combat_core/necrobinder/hurt,necrobinder,necrobinder,combat_core,hurt,0.833333373,False,seedance_2_5,720p,3:4,1,4,4,1.0,448,576,834,1112,official ModelArk dimension table; actual adaptive input may differ,86944.5,0.93030615,2.166667,scenes/creature_visuals/necrobinder.tscn,.godot/imported/necrobinder.skel-1919989aa7abbde635d4e8e050e9dcbb.spskel,combat damage and event combat-layout Hit,die also covers rest/event game-over fallback; maintain independent FX/events
combat_core/necrobinder/die,necrobinder,necrobinder,combat_core,die,2.333333492,False,minimax_h3,768P,3:4,1,4,4,1.0,448,576,768,1024,2K16:9 official sample verified; 768P exact API dimensions unconfirmed,0.0,0.32,0.666667,scenes/creature_visuals/necrobinder.tscn,.godot/imported/necrobinder.skel-1919989aa7abbde635d4e8e050e9dcbb.spskel,combat death; rest/event game-over creates combat visual and shares die,die also covers rest/event game-over fallback; maintain independent FX/events
combat_core/necrobinder/die,necrobinder,necrobinder,combat_core,die,2.333333492,False,seedance_2_5,720p,3:4,1,4,4,1.0,448,576,834,1112,official ModelArk dimension table; actual adaptive input may differ,86944.5,0.93030615,0.666667,scenes/creature_visuals/necrobinder.tscn,.godot/imported/necrobinder.skel-1919989aa7abbde635d4e8e050e9dcbb.spskel,combat death; rest/event game-over creates combat visual and shares die,die also covers rest/event game-over fallback; maintain independent FX/events
combat_core/necrobinder/cast_mighty,necrobinder,necrobinder,combat_core,cast_mighty,1.666666746,False,minimax_h3,768P,3:4,1,4,4,1.0,448,576,768,1024,2K16:9 official sample verified; 768P exact API dimensions unconfirmed,0.0,0.32,1.333333,scenes/creature_visuals/necrobinder.tscn,.godot/imported/necrobinder.skel-1919989aa7abbde635d4e8e050e9dcbb.spskel,character-specific trigger shared across its card callers,die also covers rest/event game-over fallback; maintain independent FX/events
combat_core/necrobinder/cast_mighty,necrobinder,necrobinder,combat_core,cast_mighty,1.666666746,False,seedance_2_5,720p,3:4,1,4,4,1.0,448,576,834,1112,official ModelArk dimension table; actual adaptive input may differ,86944.5,0.93030615,1.333333,scenes/creature_visuals/necrobinder.tscn,.godot/imported/necrobinder.skel-1919989aa7abbde635d4e8e050e9dcbb.spskel,character-specific trigger shared across its card callers,die also covers rest/event game-over fallback; maintain independent FX/events
combat_relaxed/necrobinder/relaxed_loop,necrobinder,necrobinder,combat_relaxed,relaxed_loop,6.000000477,True,minimax_h3,768P,3:4,1,7,7,1.0,448,576,768,1024,2K16:9 official sample verified; 768P exact API dimensions unconfirmed,0.0,0.56,0,scenes/creature_visuals/necrobinder.tscn,.godot/imported/necrobinder.skel-1919989aa7abbde635d4e8e050e9dcbb.spskel,one entity/animation reused across runtime instances; not duplicated per player/card/target,Collected Relaxed branch; not a verified victory animation
combat_relaxed/necrobinder/relaxed_loop,necrobinder,necrobinder,combat_relaxed,relaxed_loop,6.000000477,True,seedance_2_5,720p,3:4,1,7,7,1.0,448,576,834,1112,official ModelArk dimension table; actual adaptive input may differ,152152.875,1.6280357625,0,scenes/creature_visuals/necrobinder.tscn,.godot/imported/necrobinder.skel-1919989aa7abbde635d4e8e050e9dcbb.spskel,one entity/animation reused across runtime instances; not duplicated per player/card/target,Collected Relaxed branch; not a verified victory animation
merchant/necrobinder/relaxed_loop,necrobinder,necrobinder,merchant,relaxed_loop,6.000000477,True,minimax_h3,768P,3:4,1,7,7,1.0,576,768,768,1024,2K16:9 official sample verified; 768P exact API dimensions unconfirmed,0.0,0.56,0,scenes/merchant/characters/necrobinder_merchant.tscn,.godot/imported/necrobinder.skel-1919989aa7abbde635d4e8e050e9dcbb.spskel,"combat counterpart may share a generated master if appearance, camera, and pixel density match; shop atlas currently separate","Same skeleton, separate shop atlas; upper case keeps room appearance separate"
merchant/necrobinder/relaxed_loop,necrobinder,necrobinder,merchant,relaxed_loop,6.000000477,True,seedance_2_5,720p,3:4,1,7,7,1.0,576,768,834,1112,official ModelArk dimension table; actual adaptive input may differ,152152.875,1.6280357625,0,scenes/merchant/characters/necrobinder_merchant.tscn,.godot/imported/necrobinder.skel-1919989aa7abbde635d4e8e050e9dcbb.spskel,"combat counterpart may share a generated master if appearance, camera, and pixel density match; shop atlas currently separate","Same skeleton, separate shop atlas; upper case keeps room appearance separate"
merchant/necrobinder/die,necrobinder,necrobinder,merchant,die,2.333333492,False,minimax_h3,768P,3:4,1,4,4,1.0,576,768,768,1024,2K16:9 official sample verified; 768P exact API dimensions unconfirmed,0.0,0.32,0.666667,scenes/merchant/characters/necrobinder_merchant.tscn,.godot/imported/necrobinder.skel-1919989aa7abbde635d4e8e050e9dcbb.spskel,"combat counterpart may share a generated master if appearance, camera, and pixel density match; shop atlas currently separate","Same skeleton, separate shop atlas; upper case keeps room appearance separate"
merchant/necrobinder/die,necrobinder,necrobinder,merchant,die,2.333333492,False,seedance_2_5,720p,3:4,1,4,4,1.0,576,768,834,1112,official ModelArk dimension table; actual adaptive input may differ,86944.5,0.93030615,0.666667,scenes/merchant/characters/necrobinder_merchant.tscn,.godot/imported/necrobinder.skel-1919989aa7abbde635d4e8e050e9dcbb.spskel,"combat counterpart may share a generated master if appearance, camera, and pixel density match; shop atlas currently separate","Same skeleton, separate shop atlas; upper case keeps room appearance separate"
rest/necrobinder/overgrowth_loop,necrobinder,necrobinder,rest,overgrowth_loop,21.333333969,True,minimax_h3,768P,3:4,2,12+12,24,1.0,512,896,768,1024,2K16:9 official sample verified; 768P exact API dimensions unconfirmed,0.0,1.92,0,scenes/rest_site/characters/necrobinder_rest_site.tscn,.godot/imported/restsite_necrobinder.skel-029a7966bac093a6c394c8f15474fdf8.spskel,three act loops may share a pose master if lighting and texture differences can be composited; not assumed in C,Environment-specific loop; zero-duration light tracks are not videos
rest/necrobinder/overgrowth_loop,necrobinder,necrobinder,rest,overgrowth_loop,21.333333969,True,seedance_2_5,720p,3:4,1,23,23,1.0,512,896,834,1112,official ModelArk dimension table; actual adaptive input may differ,499930.875,5.3492603625,0,scenes/rest_site/characters/necrobinder_rest_site.tscn,.godot/imported/restsite_necrobinder.skel-029a7966bac093a6c394c8f15474fdf8.spskel,three act loops may share a pose master if lighting and texture differences can be composited; not assumed in C,Environment-specific loop; zero-duration light tracks are not videos
rest/necrobinder/hive_loop,necrobinder,necrobinder,rest,hive_loop,21.333333969,True,minimax_h3,768P,3:4,2,12+12,24,1.0,512,896,768,1024,2K16:9 official sample verified; 768P exact API dimensions unconfirmed,0.0,1.92,0,scenes/rest_site/characters/necrobinder_rest_site.tscn,.godot/imported/restsite_necrobinder.skel-029a7966bac093a6c394c8f15474fdf8.spskel,three act loops may share a pose master if lighting and texture differences can be composited; not assumed in C,Environment-specific loop; zero-duration light tracks are not videos
rest/necrobinder/hive_loop,necrobinder,necrobinder,rest,hive_loop,21.333333969,True,seedance_2_5,720p,3:4,1,23,23,1.0,512,896,834,1112,official ModelArk dimension table; actual adaptive input may differ,499930.875,5.3492603625,0,scenes/rest_site/characters/necrobinder_rest_site.tscn,.godot/imported/restsite_necrobinder.skel-029a7966bac093a6c394c8f15474fdf8.spskel,three act loops may share a pose master if lighting and texture differences can be composited; not assumed in C,Environment-specific loop; zero-duration light tracks are not videos
rest/necrobinder/glory_loop,necrobinder,necrobinder,rest,glory_loop,21.333333969,True,minimax_h3,768P,3:4,2,12+12,24,1.0,512,896,768,1024,2K16:9 official sample verified; 768P exact API dimensions unconfirmed,0.0,1.92,0,scenes/rest_site/characters/necrobinder_rest_site.tscn,.godot/imported/restsite_necrobinder.skel-029a7966bac093a6c394c8f15474fdf8.spskel,three act loops may share a pose master if lighting and texture differences can be composited; not assumed in C,Environment-specific loop; zero-duration light tracks are not videos
rest/necrobinder/glory_loop,necrobinder,necrobinder,rest,glory_loop,21.333333969,True,seedance_2_5,720p,3:4,1,23,23,1.0,512,896,834,1112,official ModelArk dimension table; actual adaptive input may differ,499930.875,5.3492603625,0,scenes/rest_site/characters/necrobinder_rest_site.tscn,.godot/imported/restsite_necrobinder.skel-029a7966bac093a6c394c8f15474fdf8.spskel,three act loops may share a pose master if lighting and texture differences can be composited; not assumed in C,Environment-specific loop; zero-duration light tracks are not videos
select/defect/animation,defect,defect,select,animation,13.333333969,True,minimax_h3,2K,16:9,1,15,15,1.0,1920,1080,2560,1440,2K16:9 official sample verified; 768P exact API dimensions unconfirmed,0.0,1.95,0,scenes/screens/char_select/char_select_bg_defect.tscn,.godot/imported/characterselect_defect.skel-6d4ec1fe706d5c1ebfa590e832f4675a.spskel,one entity/animation reused across runtime instances; not duplicated per player/card/target,UI and interactive Regent constellation overlay remain separate
select/defect/animation,defect,defect,select,animation,13.333333969,True,seedance_2_5,1080p,16:9,1,15,15,1.0,1920,1080,1920,1080,official ModelArk dimension table; actual adaptive input may differ,729000.0,8.5293,0,scenes/screens/char_select/char_select_bg_defect.tscn,.godot/imported/characterselect_defect.skel-6d4ec1fe706d5c1ebfa590e832f4675a.spskel,one entity/animation reused across runtime instances; not duplicated per player/card/target,UI and interactive Regent constellation overlay remain separate
combat_core/defect/idle_loop,defect,defect,combat_core,idle_loop,12.000000954,True,minimax_h3,768P,3:4,1,13,13,1.0,448,512,768,1024,2K16:9 official sample verified; 768P exact API dimensions unconfirmed,0.0,1.04,0,scenes/creature_visuals/defect.tscn,.godot/imported/defect.skel-5dba1374f717ab634fbb5c1941158597.spskel,combat initial idle and player revive fade-to-idle,die also covers rest/event game-over fallback; maintain independent FX/events
combat_core/defect/idle_loop,defect,defect,combat_core,idle_loop,12.000000954,True,seedance_2_5,720p,3:4,1,13,13,1.0,448,512,834,1112,official ModelArk dimension table; actual adaptive input may differ,282569.625,3.0234949875,0,scenes/creature_visuals/defect.tscn,.godot/imported/defect.skel-5dba1374f717ab634fbb5c1941158597.spskel,combat initial idle and player revive fade-to-idle,die also covers rest/event game-over fallback; maintain independent FX/events
combat_core/defect/attack,defect,defect,combat_core,attack,1.500000119,False,minimax_h3,768P,3:4,1,4,4,1.0,448,512,768,1024,2K16:9 official sample verified; 768P exact API dimensions unconfirmed,0.0,0.32,1.5,scenes/creature_visuals/defect.tscn,.godot/imported/defect.skel-5dba1374f717ab634fbb5c1941158597.spskel,normal and multi-hit card actions; TheArchitect player attack,die also covers rest/event game-over fallback; maintain independent FX/events
combat_core/defect/attack,defect,defect,combat_core,attack,1.500000119,False,seedance_2_5,720p,3:4,1,4,4,1.0,448,512,834,1112,official ModelArk dimension table; actual adaptive input may differ,86944.5,0.93030615,1.5,scenes/creature_visuals/defect.tscn,.godot/imported/defect.skel-5dba1374f717ab634fbb5c1941158597.spskel,normal and multi-hit card actions; TheArchitect player attack,die also covers rest/event game-over fallback; maintain independent FX/events
combat_core/defect/cast,defect,defect,combat_core,cast,1.233333349,False,minimax_h3,768P,3:4,1,4,4,1.0,448,512,768,1024,2K16:9 official sample verified; 768P exact API dimensions unconfirmed,0.0,0.32,1.766667,scenes/creature_visuals/defect.tscn,.godot/imported/defect.skel-5dba1374f717ab634fbb5c1941158597.spskel,skill cast; PowerUp also shares cast except Defect,die also covers rest/event game-over fallback; maintain independent FX/events
combat_core/defect/cast,defect,defect,combat_core,cast,1.233333349,False,seedance_2_5,720p,3:4,1,4,4,1.0,448,512,834,1112,official ModelArk dimension table; actual adaptive input may differ,86944.5,0.93030615,1.766667,scenes/creature_visuals/defect.tscn,.godot/imported/defect.skel-5dba1374f717ab634fbb5c1941158597.spskel,skill cast; PowerUp also shares cast except Defect,die also covers rest/event game-over fallback; maintain independent FX/events
combat_core/defect/hurt,defect,defect,combat_core,hurt,0.733333349,False,minimax_h3,768P,3:4,1,4,4,1.0,448,512,768,1024,2K16:9 official sample verified; 768P exact API dimensions unconfirmed,0.0,0.32,2.266667,scenes/creature_visuals/defect.tscn,.godot/imported/defect.skel-5dba1374f717ab634fbb5c1941158597.spskel,combat damage and event combat-layout Hit,die also covers rest/event game-over fallback; maintain independent FX/events
combat_core/defect/hurt,defect,defect,combat_core,hurt,0.733333349,False,seedance_2_5,720p,3:4,1,4,4,1.0,448,512,834,1112,official ModelArk dimension table; actual adaptive input may differ,86944.5,0.93030615,2.266667,scenes/creature_visuals/defect.tscn,.godot/imported/defect.skel-5dba1374f717ab634fbb5c1941158597.spskel,combat damage and event combat-layout Hit,die also covers rest/event game-over fallback; maintain independent FX/events
combat_core/defect/die,defect,defect,combat_core,die,2.233333349,False,minimax_h3,768P,3:4,1,4,4,1.0,448,512,768,1024,2K16:9 official sample verified; 768P exact API dimensions unconfirmed,0.0,0.32,0.766667,scenes/creature_visuals/defect.tscn,.godot/imported/defect.skel-5dba1374f717ab634fbb5c1941158597.spskel,combat death; rest/event game-over creates combat visual and shares die,die also covers rest/event game-over fallback; maintain independent FX/events
combat_core/defect/die,defect,defect,combat_core,die,2.233333349,False,seedance_2_5,720p,3:4,1,4,4,1.0,448,512,834,1112,official ModelArk dimension table; actual adaptive input may differ,86944.5,0.93030615,0.766667,scenes/creature_visuals/defect.tscn,.godot/imported/defect.skel-5dba1374f717ab634fbb5c1941158597.spskel,combat death; rest/event game-over creates combat visual and shares die,die also covers rest/event game-over fallback; maintain independent FX/events
combat_core/defect/process,defect,defect,combat_core,process,1.566666722,False,minimax_h3,768P,3:4,1,4,4,1.0,448,512,768,1024,2K16:9 official sample verified; 768P exact API dimensions unconfirmed,0.0,0.32,1.433333,scenes/creature_visuals/defect.tscn,.godot/imported/defect.skel-5dba1374f717ab634fbb5c1941158597.spskel,Defect PowerUp; its cast remains separate,die also covers rest/event game-over fallback; maintain independent FX/events
combat_core/defect/process,defect,defect,combat_core,process,1.566666722,False,seedance_2_5,720p,3:4,1,4,4,1.0,448,512,834,1112,official ModelArk dimension table; actual adaptive input may differ,86944.5,0.93030615,1.433333,scenes/creature_visuals/defect.tscn,.godot/imported/defect.skel-5dba1374f717ab634fbb5c1941158597.spskel,Defect PowerUp; its cast remains separate,die also covers rest/event game-over fallback; maintain independent FX/events
combat_relaxed/defect/relaxed_loop,defect,defect,combat_relaxed,relaxed_loop,12.000000954,True,minimax_h3,768P,3:4,1,13,13,1.0,448,512,768,1024,2K16:9 official sample verified; 768P exact API dimensions unconfirmed,0.0,1.04,0,scenes/creature_visuals/defect.tscn,.godot/imported/defect.skel-5dba1374f717ab634fbb5c1941158597.spskel,one entity/animation reused across runtime instances; not duplicated per player/card/target,Collected Relaxed branch; not a verified victory animation
combat_relaxed/defect/relaxed_loop,defect,defect,combat_relaxed,relaxed_loop,12.000000954,True,seedance_2_5,720p,3:4,1,13,13,1.0,448,512,834,1112,official ModelArk dimension table; actual adaptive input may differ,282569.625,3.0234949875,0,scenes/creature_visuals/defect.tscn,.godot/imported/defect.skel-5dba1374f717ab634fbb5c1941158597.spskel,one entity/animation reused across runtime instances; not duplicated per player/card/target,Collected Relaxed branch; not a verified victory animation
merchant/defect/relaxed_loop,defect,defect,merchant,relaxed_loop,12.000000954,True,minimax_h3,768P,3:4,1,13,13,1.0,640,768,768,1024,2K16:9 official sample verified; 768P exact API dimensions unconfirmed,0.0,1.04,0,scenes/merchant/characters/defect_merchant.tscn,.godot/imported/defect.skel-5dba1374f717ab634fbb5c1941158597.spskel,"combat counterpart may share a generated master if appearance, camera, and pixel density match; shop atlas currently separate","Same skeleton, separate shop atlas; upper case keeps room appearance separate"
merchant/defect/relaxed_loop,defect,defect,merchant,relaxed_loop,12.000000954,True,seedance_2_5,720p,3:4,1,13,13,1.0,640,768,834,1112,official ModelArk dimension table; actual adaptive input may differ,282569.625,3.0234949875,0,scenes/merchant/characters/defect_merchant.tscn,.godot/imported/defect.skel-5dba1374f717ab634fbb5c1941158597.spskel,"combat counterpart may share a generated master if appearance, camera, and pixel density match; shop atlas currently separate","Same skeleton, separate shop atlas; upper case keeps room appearance separate"
merchant/defect/die,defect,defect,merchant,die,2.233333349,False,minimax_h3,768P,3:4,1,4,4,1.0,640,768,768,1024,2K16:9 official sample verified; 768P exact API dimensions unconfirmed,0.0,0.32,0.766667,scenes/merchant/characters/defect_merchant.tscn,.godot/imported/defect.skel-5dba1374f717ab634fbb5c1941158597.spskel,"combat counterpart may share a generated master if appearance, camera, and pixel density match; shop atlas currently separate","Same skeleton, separate shop atlas; upper case keeps room appearance separate"
merchant/defect/die,defect,defect,merchant,die,2.233333349,False,seedance_2_5,720p,3:4,1,4,4,1.0,640,768,834,1112,official ModelArk dimension table; actual adaptive input may differ,86944.5,0.93030615,0.766667,scenes/merchant/characters/defect_merchant.tscn,.godot/imported/defect.skel-5dba1374f717ab634fbb5c1941158597.spskel,"combat counterpart may share a generated master if appearance, camera, and pixel density match; shop atlas currently separate","Same skeleton, separate shop atlas; upper case keeps room appearance separate"
rest/defect/overgrowth_loop,defect,defect,rest,overgrowth_loop,8,True,minimax_h3,768P,3:4,1,9,9,1.0,768,896,768,1024,2K16:9 official sample verified; 768P exact API dimensions unconfirmed,0.0,0.72,0,scenes/rest_site/characters/defect_rest_site.tscn,.godot/imported/restsite_defect.skel-ff0d5434498d809964bf95b0eb025379.spskel,three act loops may share a pose master if lighting and texture differences can be composited; not assumed in C,Environment-specific loop; zero-duration light tracks are not videos
rest/defect/overgrowth_loop,defect,defect,rest,overgrowth_loop,8,True,seedance_2_5,720p,3:4,1,9,9,1.0,768,896,834,1112,official ModelArk dimension table; actual adaptive input may differ,195625.125,2.0931888375,0,scenes/rest_site/characters/defect_rest_site.tscn,.godot/imported/restsite_defect.skel-ff0d5434498d809964bf95b0eb025379.spskel,three act loops may share a pose master if lighting and texture differences can be composited; not assumed in C,Environment-specific loop; zero-duration light tracks are not videos
rest/defect/hive_loop,defect,defect,rest,hive_loop,8,True,minimax_h3,768P,3:4,1,9,9,1.0,768,896,768,1024,2K16:9 official sample verified; 768P exact API dimensions unconfirmed,0.0,0.72,0,scenes/rest_site/characters/defect_rest_site.tscn,.godot/imported/restsite_defect.skel-ff0d5434498d809964bf95b0eb025379.spskel,three act loops may share a pose master if lighting and texture differences can be composited; not assumed in C,Environment-specific loop; zero-duration light tracks are not videos
rest/defect/hive_loop,defect,defect,rest,hive_loop,8,True,seedance_2_5,720p,3:4,1,9,9,1.0,768,896,834,1112,official ModelArk dimension table; actual adaptive input may differ,195625.125,2.0931888375,0,scenes/rest_site/characters/defect_rest_site.tscn,.godot/imported/restsite_defect.skel-ff0d5434498d809964bf95b0eb025379.spskel,three act loops may share a pose master if lighting and texture differences can be composited; not assumed in C,Environment-specific loop; zero-duration light tracks are not videos
rest/defect/glory_loop,defect,defect,rest,glory_loop,8,True,minimax_h3,768P,3:4,1,9,9,1.0,768,896,768,1024,2K16:9 official sample verified; 768P exact API dimensions unconfirmed,0.0,0.72,0,scenes/rest_site/characters/defect_rest_site.tscn,.godot/imported/restsite_defect.skel-ff0d5434498d809964bf95b0eb025379.spskel,three act loops may share a pose master if lighting and texture differences can be composited; not assumed in C,Environment-specific loop; zero-duration light tracks are not videos
rest/defect/glory_loop,defect,defect,rest,glory_loop,8,True,seedance_2_5,720p,3:4,1,9,9,1.0,768,896,834,1112,official ModelArk dimension table; actual adaptive input may differ,195625.125,2.0931888375,0,scenes/rest_site/characters/defect_rest_site.tscn,.godot/imported/restsite_defect.skel-ff0d5434498d809964bf95b0eb025379.spskel,three act loops may share a pose master if lighting and texture differences can be composited; not assumed in C,Environment-specific loop; zero-duration light tracks are not videos
osty_combat/osty/idle_loop,necrobinder,osty,osty_combat,idle_loop,0.666666687,True,minimax_h3,768P,1:1,1,4,4,1.0,384,384,768,768,2K16:9 official sample verified; 768P exact API dimensions unconfirmed,0.0,0.32,2.333333,scenes/creature_visuals/osty.tscn,.godot/imported/osty.skel-38387c584c49e392370797e8a1fbe851.spskel,one entity/animation reused across runtime instances; not duplicated per player/card/target,"Separate actor, HP and state; no unrecorded cast"
osty_combat/osty/idle_loop,necrobinder,osty,osty_combat,idle_loop,0.666666687,True,seedance_2_5,720p,1:1,1,4,4,1.0,384,384,960,960,official ModelArk dimension table; actual adaptive input may differ,86400.0,0.92448,2.333333,scenes/creature_visuals/osty.tscn,.godot/imported/osty.skel-38387c584c49e392370797e8a1fbe851.spskel,one entity/animation reused across runtime instances; not duplicated per player/card/target,"Separate actor, HP and state; no unrecorded cast"
osty_combat/osty/attack,necrobinder,osty,osty_combat,attack,1,False,minimax_h3,768P,1:1,1,4,4,1.0,384,384,768,768,2K16:9 official sample verified; 768P exact API dimensions unconfirmed,0.0,0.32,2.0,scenes/creature_visuals/osty.tscn,.godot/imported/osty.skel-38387c584c49e392370797e8a1fbe851.spskel,one entity/animation reused across runtime instances; not duplicated per player/card/target,"Separate actor, HP and state; no unrecorded cast"
osty_combat/osty/attack,necrobinder,osty,osty_combat,attack,1,False,seedance_2_5,720p,1:1,1,4,4,1.0,384,384,960,960,official ModelArk dimension table; actual adaptive input may differ,86400.0,0.92448,2.0,scenes/creature_visuals/osty.tscn,.godot/imported/osty.skel-38387c584c49e392370797e8a1fbe851.spskel,one entity/animation reused across runtime instances; not duplicated per player/card/target,"Separate actor, HP and state; no unrecorded cast"
osty_combat/osty/attack_poke,necrobinder,osty,osty_combat,attack_poke,0.533333361,False,minimax_h3,768P,1:1,1,4,4,1.0,384,384,768,768,2K16:9 official sample verified; 768P exact API dimensions unconfirmed,0.0,0.32,2.466667,scenes/creature_visuals/osty.tscn,.godot/imported/osty.skel-38387c584c49e392370797e8a1fbe851.spskel,one entity/animation reused across runtime instances; not duplicated per player/card/target,"Separate actor, HP and state; no unrecorded cast"
osty_combat/osty/attack_poke,necrobinder,osty,osty_combat,attack_poke,0.533333361,False,seedance_2_5,720p,1:1,1,4,4,1.0,384,384,960,960,official ModelArk dimension table; actual adaptive input may differ,86400.0,0.92448,2.466667,scenes/creature_visuals/osty.tscn,.godot/imported/osty.skel-38387c584c49e392370797e8a1fbe851.spskel,one entity/animation reused across runtime instances; not duplicated per player/card/target,"Separate actor, HP and state; no unrecorded cast"
osty_combat/osty/hurt,necrobinder,osty,osty_combat,hurt,0.900000036,False,minimax_h3,768P,1:1,1,4,4,1.0,384,384,768,768,2K16:9 official sample verified; 768P exact API dimensions unconfirmed,0.0,0.32,2.1,scenes/creature_visuals/osty.tscn,.godot/imported/osty.skel-38387c584c49e392370797e8a1fbe851.spskel,one entity/animation reused across runtime instances; not duplicated per player/card/target,"Separate actor, HP and state; no unrecorded cast"
osty_combat/osty/hurt,necrobinder,osty,osty_combat,hurt,0.900000036,False,seedance_2_5,720p,1:1,1,4,4,1.0,384,384,960,960,official ModelArk dimension table; actual adaptive input may differ,86400.0,0.92448,2.1,scenes/creature_visuals/osty.tscn,.godot/imported/osty.skel-38387c584c49e392370797e8a1fbe851.spskel,one entity/animation reused across runtime instances; not duplicated per player/card/target,"Separate actor, HP and state; no unrecorded cast"
osty_combat/osty/die,necrobinder,osty,osty_combat,die,1.333333373,False,minimax_h3,768P,1:1,1,4,4,1.0,384,384,768,768,2K16:9 official sample verified; 768P exact API dimensions unconfirmed,0.0,0.32,1.666667,scenes/creature_visuals/osty.tscn,.godot/imported/osty.skel-38387c584c49e392370797e8a1fbe851.spskel,one entity/animation reused across runtime instances; not duplicated per player/card/target,"Separate actor, HP and state; no unrecorded cast"
osty_combat/osty/die,necrobinder,osty,osty_combat,die,1.333333373,False,seedance_2_5,720p,1:1,1,4,4,1.0,384,384,960,960,official ModelArk dimension table; actual adaptive input may differ,86400.0,0.92448,1.666667,scenes/creature_visuals/osty.tscn,.godot/imported/osty.skel-38387c584c49e392370797e8a1fbe851.spskel,one entity/animation reused across runtime instances; not duplicated per player/card/target,"Separate actor, HP and state; no unrecorded cast"
osty_combat/osty/dead_loop,necrobinder,osty,osty_combat,dead_loop,0.166666672,True,minimax_h3,768P,1:1,1,4,4,1.0,384,384,768,768,2K16:9 official sample verified; 768P exact API dimensions unconfirmed,0.0,0.32,2.833333,scenes/creature_visuals/osty.tscn,.godot/imported/osty.skel-38387c584c49e392370797e8a1fbe851.spskel,one entity/animation reused across runtime instances; not duplicated per player/card/target,"Separate actor, HP and state; no unrecorded cast"
osty_combat/osty/dead_loop,necrobinder,osty,osty_combat,dead_loop,0.166666672,True,seedance_2_5,720p,1:1,1,4,4,1.0,384,384,960,960,official ModelArk dimension table; actual adaptive input may differ,86400.0,0.92448,2.833333,scenes/creature_visuals/osty.tscn,.godot/imported/osty.skel-38387c584c49e392370797e8a1fbe851.spskel,one entity/animation reused across runtime instances; not duplicated per player/card/target,"Separate actor, HP and state; no unrecorded cast"
osty_combat/osty/revive,necrobinder,osty,osty_combat,revive,0.966666698,False,minimax_h3,768P,1:1,1,4,4,1.0,384,384,768,768,2K16:9 official sample verified; 768P exact API dimensions unconfirmed,0.0,0.32,2.033333,scenes/creature_visuals/osty.tscn,.godot/imported/osty.skel-38387c584c49e392370797e8a1fbe851.spskel,one entity/animation reused across runtime instances; not duplicated per player/card/target,"Separate actor, HP and state; no unrecorded cast"
osty_combat/osty/revive,necrobinder,osty,osty_combat,revive,0.966666698,False,seedance_2_5,720p,1:1,1,4,4,1.0,384,384,960,960,official ModelArk dimension table; actual adaptive input may differ,86400.0,0.92448,2.033333,scenes/creature_visuals/osty.tscn,.godot/imported/osty.skel-38387c584c49e392370797e8a1fbe851.spskel,one entity/animation reused across runtime instances; not duplicated per player/card/target,"Separate actor, HP and state; no unrecorded cast"
rest/osty/overgrowth_loop,necrobinder,osty,rest,overgrowth_loop,10.000000954,True,minimax_h3,768P,4:3,1,11,11,1.0,768,448,1024,768,2K16:9 official sample verified; 768P exact API dimensions unconfirmed,0.0,0.88,0,scenes/rest_site/characters/necrobinder_rest_site.tscn,.godot/imported/restsite_osty.skel-41b90ab781590be834f48860a8560bb5.spskel,three act loops may share a pose master if lighting and texture differences can be composited; not assumed in C,Separate movable/flippable rest actor
rest/osty/overgrowth_loop,necrobinder,osty,rest,overgrowth_loop,10.000000954,True,seedance_2_5,720p,4:3,1,11,11,1.0,768,448,1112,834,official ModelArk dimension table; actual adaptive input may differ,239097.375,2.5583419125,0,scenes/rest_site/characters/necrobinder_rest_site.tscn,.godot/imported/restsite_osty.skel-41b90ab781590be834f48860a8560bb5.spskel,three act loops may share a pose master if lighting and texture differences can be composited; not assumed in C,Separate movable/flippable rest actor
rest/osty/hive_loop,necrobinder,osty,rest,hive_loop,10.000000954,True,minimax_h3,768P,4:3,1,11,11,1.0,768,448,1024,768,2K16:9 official sample verified; 768P exact API dimensions unconfirmed,0.0,0.88,0,scenes/rest_site/characters/necrobinder_rest_site.tscn,.godot/imported/restsite_osty.skel-41b90ab781590be834f48860a8560bb5.spskel,three act loops may share a pose master if lighting and texture differences can be composited; not assumed in C,Separate movable/flippable rest actor
rest/osty/hive_loop,necrobinder,osty,rest,hive_loop,10.000000954,True,seedance_2_5,720p,4:3,1,11,11,1.0,768,448,1112,834,official ModelArk dimension table; actual adaptive input may differ,239097.375,2.5583419125,0,scenes/rest_site/characters/necrobinder_rest_site.tscn,.godot/imported/restsite_osty.skel-41b90ab781590be834f48860a8560bb5.spskel,three act loops may share a pose master if lighting and texture differences can be composited; not assumed in C,Separate movable/flippable rest actor
rest/osty/glory_loop,necrobinder,osty,rest,glory_loop,10.000000954,True,minimax_h3,768P,4:3,1,11,11,1.0,768,448,1024,768,2K16:9 official sample verified; 768P exact API dimensions unconfirmed,0.0,0.88,0,scenes/rest_site/characters/necrobinder_rest_site.tscn,.godot/imported/restsite_osty.skel-41b90ab781590be834f48860a8560bb5.spskel,three act loops may share a pose master if lighting and texture differences can be composited; not assumed in C,Separate movable/flippable rest actor
rest/osty/glory_loop,necrobinder,osty,rest,glory_loop,10.000000954,True,seedance_2_5,720p,4:3,1,11,11,1.0,768,448,1112,834,official ModelArk dimension table; actual adaptive input may differ,239097.375,2.5583419125,0,scenes/rest_site/characters/necrobinder_rest_site.tscn,.godot/imported/restsite_osty.skel-41b90ab781590be834f48860a8560bb5.spskel,three act loops may share a pose master if lighting and texture differences can be composited; not assumed in C,Separate movable/flippable rest actor
regent_weapon/regent_weapon/attack,regent,regent_weapon,regent_weapon,attack,0.972222269,False,minimax_h3,768P,3:4,1,4,4,1.0,384,512,768,1024,2K16:9 official sample verified; 768P exact API dimensions unconfirmed,0.0,0.32,2.027778,scenes/creature_visuals/regent.tscn,.godot/imported/regent_weapon.skel-eb5748d45dfdb21acd5f11da647cab6a.spskel,one entity/animation reused across runtime instances; not duplicated per player/card/target,WeaponAnim1 and WeaponAnim2 have distinct tracks; remain independent of main body
regent_weapon/regent_weapon/attack,regent,regent_weapon,regent_weapon,attack,0.972222269,False,seedance_2_5,720p,3:4,1,4,4,1.0,384,512,834,1112,official ModelArk dimension table; actual adaptive input may differ,86944.5,0.93030615,2.027778,scenes/creature_visuals/regent.tscn,.godot/imported/regent_weapon.skel-eb5748d45dfdb21acd5f11da647cab6a.spskel,one entity/animation reused across runtime instances; not duplicated per player/card/target,WeaponAnim1 and WeaponAnim2 have distinct tracks; remain independent of main body
regent_weapon/regent_weapon/attack2,regent,regent_weapon,regent_weapon,attack2,0.972222269,False,minimax_h3,768P,3:4,1,4,4,1.0,384,512,768,1024,2K16:9 official sample verified; 768P exact API dimensions unconfirmed,0.0,0.32,2.027778,scenes/creature_visuals/regent.tscn,.godot/imported/regent_weapon.skel-eb5748d45dfdb21acd5f11da647cab6a.spskel,one entity/animation reused across runtime instances; not duplicated per player/card/target,WeaponAnim1 and WeaponAnim2 have distinct tracks; remain independent of main body
regent_weapon/regent_weapon/attack2,regent,regent_weapon,regent_weapon,attack2,0.972222269,False,seedance_2_5,720p,3:4,1,4,4,1.0,384,512,834,1112,official ModelArk dimension table; actual adaptive input may differ,86944.5,0.93030615,2.027778,scenes/creature_visuals/regent.tscn,.godot/imported/regent_weapon.skel-eb5748d45dfdb21acd5f11da647cab6a.spskel,one entity/animation reused across runtime instances; not duplicated per player/card/target,WeaponAnim1 and WeaponAnim2 have distinct tracks; remain independent of main body
sovereign_local/sovereign_blade/idle_loop,regent,sovereign_blade,sovereign_local,idle_loop,2.666666746,True,minimax_h3,768P,3:4,1,4,4,1.0,256,512,768,1024,2K16:9 official sample verified; 768P exact API dimensions unconfirmed,0.0,0.32,0.333333,scenes/vfx/sovereign_blade.tscn,.godot/imported/soveriegn_blade.skel-909881bef3f87988b6b4b800dcad1acc.spskel,one entity/animation reused across runtime instances; not duplicated per player/card/target,Optional local sword texture motion only; orbit/target/Forge paths remain code-driven
sovereign_local/sovereign_blade/idle_loop,regent,sovereign_blade,sovereign_local,idle_loop,2.666666746,True,seedance_2_5,720p,3:4,1,4,4,1.0,256,512,834,1112,official ModelArk dimension table; actual adaptive input may differ,86944.5,0.93030615,0.333333,scenes/vfx/sovereign_blade.tscn,.godot/imported/soveriegn_blade.skel-909881bef3f87988b6b4b800dcad1acc.spskel,one entity/animation reused across runtime instances; not duplicated per player/card/target,Optional local sword texture motion only; orbit/target/Forge paths remain code-driven
sovereign_local/sovereign_blade/attack,regent,sovereign_blade,sovereign_local,attack,1,False,minimax_h3,768P,3:4,1,4,4,1.0,256,512,768,1024,2K16:9 official sample verified; 768P exact API dimensions unconfirmed,0.0,0.32,2.0,scenes/vfx/sovereign_blade.tscn,.godot/imported/soveriegn_blade.skel-909881bef3f87988b6b4b800dcad1acc.spskel,one entity/animation reused across runtime instances; not duplicated per player/card/target,Optional local sword texture motion only; orbit/target/Forge paths remain code-driven
sovereign_local/sovereign_blade/attack,regent,sovereign_blade,sovereign_local,attack,1,False,seedance_2_5,720p,3:4,1,4,4,1.0,256,512,834,1112,official ModelArk dimension table; actual adaptive input may differ,86944.5,0.93030615,2.0,scenes/vfx/sovereign_blade.tscn,.godot/imported/soveriegn_blade.skel-909881bef3f87988b6b4b800dcad1acc.spskel,one entity/animation reused across runtime instances; not duplicated per player/card/target,Optional local sword texture motion only; orbit/target/Forge paths remain code-driven
orb_idle/lightning_orb/idle_loop,defect,lightning_orb,orb_idle,idle_loop,0.416666687,True,minimax_h3,768P,1:1,1,4,4,1.0,128,128,768,768,2K16:9 official sample verified; 768P exact API dimensions unconfirmed,0.0,0.32,2.583333,scenes/orbs/orb_visuals/lightning_orb.tscn,.godot/imported/lightning_orb.skel-74057f53b58560dba8cefe8efb12f6fa.spskel,one entity/animation reused across runtime instances; not duplicated per player/card/target,Optional orb surface pattern only; do not bake channel/evoke/values into Defect
orb_idle/lightning_orb/idle_loop,defect,lightning_orb,orb_idle,idle_loop,0.416666687,True,seedance_2_5,720p,1:1,1,4,4,1.0,128,128,960,960,official ModelArk dimension table; actual adaptive input may differ,86400.0,0.92448,2.583333,scenes/orbs/orb_visuals/lightning_orb.tscn,.godot/imported/lightning_orb.skel-74057f53b58560dba8cefe8efb12f6fa.spskel,one entity/animation reused across runtime instances; not duplicated per player/card/target,Optional orb surface pattern only; do not bake channel/evoke/values into Defect
orb_idle/frost_orb/idle_loop,defect,frost_orb,orb_idle,idle_loop,6.250000477,True,minimax_h3,768P,1:1,1,8,8,1.0,128,128,768,768,2K16:9 official sample verified; 768P exact API dimensions unconfirmed,0.0,0.64,0,scenes/orbs/orb_visuals/frost_orb.tscn,.godot/imported/frost_orb.skel-d191fc8a0532d1fcddc86e6b80f30128.spskel,one entity/animation reused across runtime instances; not duplicated per player/card/target,Optional orb surface pattern only; do not bake channel/evoke/values into Defect
orb_idle/frost_orb/idle_loop,defect,frost_orb,orb_idle,idle_loop,6.250000477,True,seedance_2_5,720p,1:1,1,8,8,1.0,128,128,960,960,official ModelArk dimension table; actual adaptive input may differ,172800.0,1.84896,0,scenes/orbs/orb_visuals/frost_orb.tscn,.godot/imported/frost_orb.skel-d191fc8a0532d1fcddc86e6b80f30128.spskel,one entity/animation reused across runtime instances; not duplicated per player/card/target,Optional orb surface pattern only; do not bake channel/evoke/values into Defect
orb_idle/dark_orb/idle_loop,defect,dark_orb,orb_idle,idle_loop,8.333333969,True,minimax_h3,768P,1:1,1,10,10,1.0,128,128,768,768,2K16:9 official sample verified; 768P exact API dimensions unconfirmed,0.0,0.8,0,scenes/orbs/orb_visuals/dark_orb.tscn,.godot/imported/dark_orb.skel-8c9612c3042d8a98872cffebc83925d1.spskel,one entity/animation reused across runtime instances; not duplicated per player/card/target,Optional orb surface pattern only; do not bake channel/evoke/values into Defect
orb_idle/dark_orb/idle_loop,defect,dark_orb,orb_idle,idle_loop,8.333333969,True,seedance_2_5,720p,1:1,1,10,10,1.0,128,128,960,960,official ModelArk dimension table; actual adaptive input may differ,216000.0,2.3112,0,scenes/orbs/orb_visuals/dark_orb.tscn,.godot/imported/dark_orb.skel-8c9612c3042d8a98872cffebc83925d1.spskel,one entity/animation reused across runtime instances; not duplicated per player/card/target,Optional orb surface pattern only; do not bake channel/evoke/values into Defect
orb_idle/plasma_orb/idle_loop,defect,plasma_orb,orb_idle,idle_loop,2.77777791,True,minimax_h3,768P,1:1,1,4,4,1.0,128,128,768,768,2K16:9 official sample verified; 768P exact API dimensions unconfirmed,0.0,0.32,0.222222,scenes/orbs/orb_visuals/plasma_orb.tscn,.godot/imported/plasma_orb.skel-3efdd8a9dbc2d282b6e24d4c7b430658.spskel,one entity/animation reused across runtime instances; not duplicated per player/card/target,Optional orb surface pattern only; do not bake channel/evoke/values into Defect
orb_idle/plasma_orb/idle_loop,defect,plasma_orb,orb_idle,idle_loop,2.77777791,True,seedance_2_5,720p,1:1,1,4,4,1.0,128,128,960,960,official ModelArk dimension table; actual adaptive input may differ,86400.0,0.92448,0.222222,scenes/orbs/orb_visuals/plasma_orb.tscn,.godot/imported/plasma_orb.skel-3efdd8a9dbc2d282b6e24d4c7b430658.spskel,one entity/animation reused across runtime instances; not duplicated per player/card/target,Optional orb surface pattern only; do not bake channel/evoke/values into Defect
orb_idle/glass_orb/idle_loop,defect,glass_orb,orb_idle,idle_loop,8.333333969,True,minimax_h3,768P,1:1,1,10,10,1.0,128,128,768,768,2K16:9 official sample verified; 768P exact API dimensions unconfirmed,0.0,0.8,0,scenes/orbs/orb_visuals/glass_orb.tscn,.godot/imported/glass_orb.skel-e19b7eac474461b329d5bbda8562fe34.spskel,one entity/animation reused across runtime instances; not duplicated per player/card/target,Optional orb surface pattern only; do not bake channel/evoke/values into Defect
orb_idle/glass_orb/idle_loop,defect,glass_orb,orb_idle,idle_loop,8.333333969,True,seedance_2_5,720p,1:1,1,10,10,1.0,128,128,960,960,official ModelArk dimension table; actual adaptive input may differ,216000.0,2.3112,0,scenes/orbs/orb_visuals/glass_orb.tscn,.godot/imported/glass_orb.skel-e19b7eac474461b329d5bbda8562fe34.spskel,one entity/animation reused across runtime instances; not duplicated per player/card/target,Optional orb surface pattern only; do not bake channel/evoke/values into Defect
