scenario,model,character,distinct_assets,generation_tasks_one_attempt,output_seconds_one_attempt,output_cost_usd_one_attempt
A,minimax_h3,ironclad,1,1,7,0.91
A,minimax_h3,silent,1,1,13,1.69
A,minimax_h3,regent,1,1,8,1.04
A,minimax_h3,necrobinder,1,1,9,1.17
A,minimax_h3,defect,1,1,15,1.95
A,seedance_2_5,ironclad,1,1,7,3.98034
A,seedance_2_5,silent,1,1,13,7.39206
A,seedance_2_5,regent,1,1,8,4.54896
A,seedance_2_5,necrobinder,1,1,9,5.11758
A,seedance_2_5,defect,1,1,15,8.5293
B,minimax_h3,ironclad,7,7,31,2.83
B,minimax_h3,silent,7,7,37,3.61
B,minimax_h3,regent,7,8,52,4.56
B,minimax_h3,necrobinder,7,7,33,3.09
B,minimax_h3,defect,7,7,48,4.59
B,seedance_2_5,ironclad,7,7,31,9.5621769
B,seedance_2_5,silent,7,7,37,12.9738969
B,seedance_2_5,regent,7,7,51,14.5497511125
B,seedance_2_5,necrobinder,7,7,33,10.6994169
B,seedance_2_5,defect,7,7,48,16.2043257375
C,minimax_h3,ironclad,13,13,85,7.15
C,minimax_h3,silent,13,13,84,7.37
C,minimax_h3,regent,17,18,131,10.88
C,minimax_h3,necrobinder,23,26,184,15.17
C,minimax_h3,defect,18,18,141,12.03
C,seedance_2_5,ironclad,13,13,85,22.121309925
C,seedance_2_5,silent,13,13,84,23.9049941625
C,seedance_2_5,regent,17,17,130,32.923297575
C,seedance_2_5,necrobinder,23,23,181,45.0799614
C,seedance_2_5,defect,18,18,141,37.781508375
