scenario,model,attempt_multiplier,distinct_assets,generation_tasks,requested_output_seconds,select_seconds,sprite_seconds,estimated_720p_tokens,estimated_1080p_tokens,output_cost_usd,reference_image_count_per_task,reference_video_seconds_per_task,reference_input_cost_usd
A,minimax_h3,1,5,5,52,52,0,0.0,0.0,6.76,2,0,0
A,minimax_h3,3,5,15,156,156,0,0.0,0.0,20.28,2,0,0
A,minimax_h3,5,5,25,260,260,0,0.0,0.0,33.8,2,0,0
A,seedance_2_5,1,5,5,52,52,0,0.0,2527200.0,29.56824,2,0,0
A,seedance_2_5,3,5,15,156,156,0,0.0,7581600.0,88.70472,2,0,0
A,seedance_2_5,5,5,25,260,260,0,0.0,12636000.0,147.8412,2,0,0
B,minimax_h3,1,35,36,201,52,149,0.0,0.0,18.68,2,0,0
B,minimax_h3,3,35,108,603,156,447,0.0,0.0,56.04,2,0,0
B,minimax_h3,5,35,180,1005,260,745,0.0,0.0,93.4,2,0,0
B,seedance_2_5,1,35,35,200,52,148,3216946.5,2527200.0,63.98956755,2,0,0
B,seedance_2_5,3,35,105,600,156,444,9650839.5,7581600.0,191.96870265,2,0,0
B,seedance_2_5,5,35,175,1000,260,740,16084732.5,12636000.0,319.94783775,2,0,0
C,minimax_h3,1,84,88,625,52,573,0.0,0.0,52.6,2,0,0
C,minimax_h3,3,84,264,1875,156,1719,0.0,0.0,157.8,2,0,0
C,minimax_h3,5,84,440,3125,260,2865,0.0,0.0,263.0,2,0,0
C,seedance_2_5,1,84,84,621,52,569,12359143.125,2527200.0,161.8110714375,2,0,0
C,seedance_2_5,3,84,252,1863,156,1707,37077429.375,7581600.0,485.4332143125,2,0,0
C,seedance_2_5,5,84,420,3105,260,2845,61795715.625,12636000.0,809.0553571875,2,0,0
